CountyName,State,Latitude,Longitude,ConfirmedCases,Population
Alachua County,FL,29.6809,-82.3552,5498,247336
Alameda County,CA,37.6798,-121.8648,19131,1510271
Albany County,NY,42.6169,-73.977,2823,304204
Allegany County,NY,42.2585,-78.0236,92,48946
Alpine County,CA,38.6305,-119.8446,2,1175
Amador County,CA,38.4637,-120.7334,237,38091
Anderson County,TX,31.7951,-95.6887,2554,58458
Andrews County,TX,32.2885,-102.6379,388,14786
Angelina County,TX,31.2769,-94.6355,2013,86771
Aransas County,TX,28.2209,-96.8754,295,23158
Archer County,TX,33.6138,-98.6883,60,9054
Armstrong County,TX,34.9658,-101.3572,11,1901
Atascosa County,TX,28.9347,-98.5218,576,44911
Austin County,TX,29.8495,-96.275,440,28417
Bailey County,TX,34.0706,-102.8295,203,7165
Baker County,FL,30.3606,-82.3149,1248,27115
Bandera County,TX,29.729,-99.2012,109,20485
Bastrop County,TX,30.1035,-97.3242,1638,74171
Bay County,FL,30.2988,-85.5727,5491,168852
Baylor County,TX,33.616,-99.2137,14,3726
Bee County,TX,28.4248,-97.7101,1791,31861
Bell County,TX,31.0402,-97.51,4987,310235
Bexar County,TX,29.4377,-98.4722,47315,1714773
Blanco County,TX,30.2172,-98.4077,132,10497
Borden County,TX,32.7474,-101.4322,0,641
Bosque County,TX,31.8982,-97.6486,241,18212
Bowie County,TX,33.4761,-94.3949,1097,92565
Bradford County,FL,29.9315,-82.2143,835,28520
Brazoria County,TX,29.2123,-95.5313,9642,313166
Brazos County,TX,30.6529,-96.3806,5100,194851
Brevard County,FL,28.3079,-80.7834,7598,543376
Brewster County,TX,29.8231,-103.0823,203,9232
Briscoe County,TX,34.535,-101.2086,12,1637
Bronx County,NY,40.856,-73.8664,51860,1385108
Brooks County,TX,27.0383,-98.2019,272,7223
Broome County,NY,42.2087,-75.8619,1350,200600
Broward County,FL,26.1511,-80.4895,73112,1748066
Brown County,TX,31.7664,-98.958,500,38106
Burleson County,TX,30.5133,-96.6354,301,17187
Burnet County,TX,30.7338,-98.1859,663,42750
Butte County,CA,39.7252,-121.5788,2327,220000
Calaveras County,CA,38.1718,-120.6567,273,45578
Caldwell County,TX,29.8519,-97.6266,1358,38066
Calhoun County,TX,28.5138,-96.695,614,14625
Calhoun County,FL,30.4039,-85.2086,587,21381
Callahan County,TX,32.2983,-99.3739,73,13544
Cameron County,TX,26.1073,-97.5787,21563,406220
Camp County,TX,32.99,-94.9935,319,12401
Carson County,TX,35.3997,-101.3546,17,6182
Cass County,TX,33.101,-94.3483,267,30464
Castro County,TX,34.5304,-102.2618,236,8062
Cattaraugus County,NY,42.2766,-78.6848,227,80317
Cayuga County,NY,43.0195,-76.6022,182,80026
Chambers County,TX,29.7071,-94.5223,1166,35096
Charlotte County,FL,26.9023,-81.8292,2778,159978
Chautauqua County,NY,42.2858,-79.3876,471,134905
Chemung County,NY,42.1465,-76.7623,206,88830
Chenango County,NY,42.4711,-75.6351,233,50477
Cherokee County,TX,31.7826,-95.1853,1450,50845
Childress County,TX,34.5307,-100.2067,60,7041
Citrus County,FL,28.8593,-82.4374,2297,141236
Clay County,TX,33.81,-98.2007,71,190865
Clay County,FL,29.9562,-81.8292,4251,10752
Clinton County,NY,44.7224,-73.6768,152,82128
Cochran County,TX,33.6054,-102.8284,42,3127
Coke County,TX,31.8934,-100.5296,49,3320
Coleman County,TX,31.7432,-99.4612,56,8895
Collier County,FL,26.1608,-81.3445,11951,321520
Collin County,TX,33.1929,-96.5676,11424,782341
Collingsworth County,TX,34.9674,-100.2701,17,3057
Colorado County,TX,29.6055,-96.5236,449,20874
Columbia County,NY,42.2448,-73.6407,575,67531
Columbia County,FL,30.2096,-82.6264,3429,63096
Colusa County,CA,39.1694,-122.2067,470,21419
Comal County,TX,29.8168,-98.2891,2440,108472
Comanche County,TX,31.9702,-98.5993,221,13974
Concho County,TX,31.3218,-99.8577,58,4087
Contra Costa County,CA,37.8886,-121.9129,14527,1049025
Cooke County,TX,33.6877,-97.2144,341,38437
Cortland County,NY,42.6006,-76.0718,102,49336
Coryell County,TX,31.394,-97.8008,1515,75388
Cottle County,TX,34.0712,-100.2829,18,1505
Crane County,TX,31.3689,-102.5403,71,4375
Crockett County,TX,30.6879,-101.3732,164,3719
Crosby County,TX,33.6161,-101.3,81,6059
Culberson County,TX,31.3019,-104.4978,37,2398
Dallam County,TX,36.2673,-102.6022,211,6703
Dallas County,TX,32.7661,-96.7774,73055,2368139
Dawson County,TX,32.737,-101.9478,245,13833
DeSoto County,FL,27.1854,-81.8097,1522,34862
DeWitt County,TX,29.0996,-97.3051,870,20097
Deaf Smith County,TX,34.9635,-102.6051,816,19372
Del Norte County,CA,41.6916,-123.9049,124,28610
Delaware County,NY,42.1831,-74.9537,123,47980
Delta County,TX,33.357,-95.7245,19,5231
Denton County,TX,33.2078,-97.1156,10514,662614
Dickens County,TX,33.6166,-100.7789,45,2444
Dimmit County,TX,28.4132,-99.7548,186,9996
Dixie County,FL,29.5671,-83.1715,769,16422
Donley County,TX,34.9669,-100.8141,55,3677
Dutchess County,NY,41.7622,-73.728,4914,297488
Duval County,TX,27.6613,-98.5174,359,864263
Duval County,FL,30.3866,-81.7798,27544,11782
Eastland County,TX,32.2936,-98.8015,126,18583
Ector County,TX,31.8599,-102.5429,2895,137130
Edwards County,TX,29.9663,-100.3478,34,2002
El Dorado County,CA,38.7852,-120.5254,1001,181058
El Paso County,TX,31.6952,-106.1718,20850,800647
Ellis County,TX,32.3014,-96.7619,3888,149610
Erath County,TX,32.214,-98.2274,722,37890
Erie County,NY,42.7691,-78.6668,10212,919040
Escambia County,FL,30.6538,-87.3304,11482,297619
Essex County,NY,44.1475,-73.7487,147,39370
Falls County,TX,31.2537,-96.9393,174,17866
Fannin County,TX,33.6132,-96.1193,615,33915
Fayette County,TX,29.8921,-96.9151,379,24554
Fisher County,TX,32.7425,-100.4024,60,3974
Flagler County,FL,29.4662,-81.3097,1393,95696
Floyd County,TX,34.069,-101.303,99,6446
Foard County,TX,33.9777,-99.7617,3,1336
Fort Bend County,TX,29.5257,-95.746,15100,585375
Franklin County,TX,33.179,-95.2164,117,11549
Franklin County,NY,44.5612,-74.2572,59,51599
Franklin County,FL,29.8538,-84.8366,565,10605
Freestone County,TX,31.7139,-96.1581,386,19816
Fresno County,CA,36.7515,-119.6373,26147,930450
Frio County,TX,28.8624,-99.1075,644,17217
Fulton County,NY,43.1354,-74.427,312,55531
Gadsden County,FL,30.5501,-84.6353,2522,46389
Gaines County,TX,32.7355,-102.6352,268,17526
Galveston County,TX,29.3824,-95.0331,10780,291309
Garza County,TX,33.1798,-101.298,102,6461
Genesee County,NY,43.0001,-78.1865,300,60079
Gilchrist County,FL,29.749,-82.7979,479,16939
Gillespie County,TX,30.3291,-98.9457,205,24837
Glades County,FL,26.9796,-81.2237,460,12884
Glasscock County,TX,31.8477,-101.5209,6,1226
Glenn County,CA,39.5921,-122.4405,475,28122
Goliad County,TX,28.6571,-97.4682,121,7210
Gonzales County,TX,29.4484,-97.5027,819,19807
Gray County,TX,35.3987,-100.8124,250,22535
Grayson County,TX,33.6831,-96.662,1568,120877
Greene County,NY,42.2823,-74.1308,313,49221
Gregg County,TX,32.509,-94.8444,1960,121730
Grimes County,TX,30.5451,-95.9916,1000,26604
Guadalupe County,TX,29.6123,-97.9639,1903,131533
Gulf County,FL,29.9344,-85.2103,842,15863
Hale County,TX,34.068,-101.8263,1675,36273
Hall County,TX,34.534,-100.6806,16,3353
Hamilton County,TX,31.7167,-98.0987,105,14799
Hamilton County,NY,43.6856,-74.505,14,4836
Hamilton County,FL,30.476,-82.9714,711,8517
Hansford County,TX,36.2744,-101.3546,105,5613
Hardee County,FL,27.4929,-81.8094,1150,27731
Hardeman County,TX,34.315,-99.7365,22,4139
Hardin County,TX,30.3124,-94.3867,1205,54635
Harris County,TX,29.8346,-95.389,109834,4092459
Harrison County,TX,32.5634,-94.3724,816,65631
Hartley County,TX,35.852,-102.602,105,6062
Haskell County,TX,33.1786,-99.7307,56,5899
Hays County,TX,30.065,-98.0268,5471,157107
Hemphill County,TX,35.8244,-100.2707,64,3807
Henderson County,TX,32.1827,-95.8182,850,78532
Hendry County,FL,26.6046,-81.2253,1994,39140
Herkimer County,NY,43.4652,-74.9411,306,64519
Hernando County,FL,28.5644,-82.4065,2764,172778
Hidalgo County,TX,26.3986,-98.1887,28369,774769
Highlands County,FL,27.3401,-81.3049,1888,98786
Hill County,TX,31.9888,-97.1227,392,35089
Hillsborough County,FL,27.9097,-82.2405,38262,1229226
Hockley County,TX,33.6124,-102.3431,286,22935
Holmes County,FL,30.8497,-85.8166,677,19927
Hood County,TX,32.3932,-97.8161,802,51182
Hopkins County,TX,33.1751,-95.5852,256,35161
Houston County,TX,31.26,-95.4349,341,23732
Howard County,TX,32.2992,-101.4356,364,35012
Hudspeth County,TX,31.3165,-105.4233,41,3476
Humboldt County,CA,40.7376,-123.8951,409,134623
Hunt County,TX,33.1232,-96.0795,1458,86129
Hutchinson County,TX,35.8101,-101.3545,153,22150
Imperial County,CA,33.0271,-115.3605,11041,174528
Indian River County,FL,27.7062,-80.637,2894,138028
Inyo County,CA,36.6305,-117.5174,183,18546
Irion County,TX,31.3054,-100.9812,10,1599
Jack County,TX,33.2355,-98.1705,128,9044
Jackson County,TX,28.9696,-96.562,505,49746
Jackson County,FL,30.7828,-85.1769,2478,14075
Jasper County,TX,30.7013,-93.9986,411,35710
Jeff Davis County,TX,30.761,-104.158,14,2342
Jefferson County,TX,29.8764,-94.1418,6772,14761
Jefferson County,NY,44.0407,-75.8085,154,116229
Jefferson County,FL,30.3778,-83.9384,513,252273
Jim Hogg County,TX,27.0717,-98.7105,79,5300
Jim Wells County,TX,27.659,-98.0873,1312,40838
Johnson County,TX,32.3415,-97.3509,2587,150934
Jones County,TX,32.7392,-99.8789,588,20202
Karnes County,TX,28.9476,-97.9006,750,14824
Kaufman County,TX,32.5982,-96.2991,2845,103350
Kendall County,TX,29.93,-98.6715,197,33410
Kenedy County,TX,26.9412,-97.7741,8,416
Kent County,TX,33.1797,-100.7781,7,808
Kern County,CA,35.3032,-118.7204,30040,839631
Kerr County,TX,30.0494,-99.3054,439,49625
Kimble County,TX,30.4915,-99.7102,16,4607
King County,TX,33.6116,-100.2558,0,286
Kings County,NY,40.6553,-73.9391,65540,152982
Kings County,CA,36.1391,-119.7718,6737,2504700
Kinney County,TX,29.3544,-100.4105,23,3598
Kleberg County,TX,27.4227,-97.9022,911,32061
Knox County,TX,33.6159,-99.7337,67,3719
La Salle County,TX,28.301,-99.0981,366,6886
Lafayette County,FL,30.0414,-83.1969,1211,8870
Lake County,FL,28.8116,-81.6866,6754,64665
Lake County,CA,39.1258,-122.7929,360,297052
Lamar County,TX,33.6614,-95.5832,914,49793
Lamb County,TX,34.0888,-102.3518,299,13977
Lampasas County,TX,31.2393,-98.2864,158,19677
Lassen County,CA,40.4545,-120.6616,720,34895
Lavaca County,TX,29.3566,-96.8972,688,19263
Lee County,TX,30.2949,-96.8887,202,618754
Lee County,FL,26.5436,-81.7444,19099,16612
Leon County,TX,31.3146,-95.9962,205,275487
Leon County,FL,30.4796,-84.2219,7476,16801
Levy County,FL,29.2967,-82.749,935,40801
Lewis County,NY,43.8336,-75.4915,49,27087
Liberty County,TX,30.1848,-94.8629,1879,8365
Liberty County,FL,30.2933,-84.8882,444,75643
Limestone County,TX,31.5165,-96.5516,478,23384
Lipscomb County,TX,36.3128,-100.2732,26,3302
Live Oak County,TX,28.4249,-98.1422,353,11531
Livingston County,NY,42.7304,-77.7813,188,65393
Llano County,TX,30.704,-98.6891,104,19301
Los Angeles County,CA,34.2663,-118.1424,247542,9818605
Loving County,TX,31.826,-103.5679,0,82
Lubbock County,TX,33.6145,-101.8206,8606,278831
Lynn County,TX,33.179,-101.8167,87,5915
Madera County,CA,37.2724,-119.6358,3953,150865
Madison County,TX,30.9585,-95.9474,696,19224
Madison County,NY,42.9545,-75.7265,474,73442
Madison County,FL,30.4557,-83.4724,907,13664
Manatee County,FL,27.4274,-82.3328,10633,322833
Marin County,CA,38.0685,-122.7009,6297,252409
Marion County,TX,32.7826,-94.3622,146,331298
Marion County,FL,29.2407,-82.0227,8794,10546
Mariposa County,CA,37.5466,-119.9593,74,18251
Martin County,TX,32.299,-101.9515,74,146318
Martin County,FL,27.0829,-80.4238,4545,4799
Mason County,TX,30.7183,-99.2239,75,4012
Matagorda County,TX,28.8246,-95.9122,946,36702
Maverick County,TX,28.6426,-100.2812,3335,54258
McCulloch County,TX,31.217,-99.3467,121,8283
McLennan County,TX,31.5514,-97.2004,6668,234906
McMullen County,TX,28.3555,-98.5677,18,707
Medina County,TX,29.4024,-99.1087,1134,46006
Menard County,TX,30.9164,-99.8004,22,2242
Mendocino County,CA,39.3833,-123.4391,754,87841
Merced County,CA,37.1882,-120.609,8277,255793
Miami-Dade County,FL,25.5592,-80.5906,161018,2496435
Midland County,TX,31.8364,-102.0316,3362,136872
Milam County,TX,30.7849,-96.9758,447,24757
Mills County,TX,31.4778,-98.6518,35,4936
Mitchell County,TX,32.2991,-100.9214,75,9403
Modoc County,CA,41.5924,-120.7237,12,9686
Mono County,CA,38.0906,-119.0359,162,14202
Monroe County,NY,43.1531,-77.6857,5551,73090
Monroe County,FL,25.4621,-81.0211,1758,744344
Montague County,TX,33.7131,-97.732,148,19719
Monterey County,CA,36.3564,-121.494,8326,415057
Montgomery County,TX,30.3293,-95.5146,9164,50219
Montgomery County,NY,42.9109,-74.4198,214,455746
Moore County,TX,35.8374,-101.8929,1126,21904
Morris County,TX,33.1234,-94.7341,159,12934
Motley County,TX,34.0728,-100.7798,7,1210
Nacogdoches County,TX,31.5347,-94.5952,1390,64524
Napa County,CA,38.5106,-122.3262,1465,136484
Nassau County,NY,40.7554,-73.573,45115,73314
Nassau County,FL,30.5521,-81.8734,1794,1339532
Navarro County,TX,32.0628,-96.4755,1136,47735
Nevada County,CA,39.2666,-121.01,456,98764
New York County,NY,40.7882,-73.9605,32372,1585873
Newton County,TX,30.7161,-93.745,164,14445
Niagara County,NY,43.1973,-78.7555,1643,216469
Nolan County,TX,32.3092,-100.4063,168,15216
Nueces County,TX,27.7778,-97.6629,15181,340223
Ochiltree County,TX,36.2819,-100.8158,111,10223
Okaloosa County,FL,30.6992,-86.5921,4361,180822
Okeechobee County,FL,27.3016,-80.8409,1279,39996
Oldham County,TX,35.4003,-102.6039,15,2052
Oneida County,NY,43.2406,-75.4975,2298,234878
Onondaga County,NY,43.0228,-76.2029,3964,467026
Ontario County,NY,42.808,-77.2821,401,107931
Orange County,TX,30.1075,-93.8955,1767,3010232
Orange County,NY,41.3876,-74.3315,11504,1145956
Orange County,FL,28.5666,-81.2951,36966,372813
Orange County,CA,33.6664,-117.7196,49509,81837
Orleans County,NY,43.2522,-78.2296,310,42883
Osceola County,FL,27.9963,-81.1262,11472,268685
Oswego County,NY,43.4316,-76.2142,325,122109
Otsego County,NY,42.6115,-74.9894,249,62259
Palm Beach County,FL,26.6457,-80.4653,42905,1320134
Palo Pinto County,TX,32.7706,-98.3186,447,28111
Panola County,TX,32.1837,-94.3114,330,23796
Parker County,TX,32.7816,-97.8046,1689,116927
Parmer County,TX,34.5279,-102.7843,392,10269
Pasco County,FL,28.3248,-82.3938,8267,464697
Pecos County,TX,30.7143,-102.6595,321,15507
Pinellas County,FL,27.9341,-82.7715,20355,916542
Placer County,CA,39.0148,-120.7424,3154,348432
Plumas County,CA,40.0231,-120.8054,45,20007
Polk County,TX,30.8186,-94.897,778,602095
Polk County,FL,28.0031,-81.7384,17693,45413
Potter County,TX,35.3994,-101.8943,4181,121073
Presidio County,TX,29.9461,-104.2391,91,7818
Putnam County,NY,41.4237,-73.7555,1528,74364
Putnam County,FL,29.6056,-81.8327,1842,99710
Queens County,NY,40.7043,-73.8196,70549,2230722
Rains County,TX,32.8458,-95.8013,60,10914
Randall County,TX,34.9643,-101.8967,2323,120725
Reagan County,TX,31.3693,-101.523,86,3367
Real County,TX,29.853,-99.8126,105,3309
Red River County,TX,33.6418,-95.0283,151,12860
Reeves County,TX,31.3853,-103.6537,180,13783
Refugio County,TX,28.3093,-97.1471,301,7383
Rensselaer County,NY,42.713,-73.4898,858,159429
Richmond County,NY,40.5726,-74.1446,15393,468730
Riverside County,CA,33.754,-116.0203,53987,2189641
Roberts County,TX,35.8244,-100.8135,8,929
Robertson County,TX,31.0267,-96.5129,254,16622
Rockland County,NY,41.1589,-74.0653,14382,311687
Rockwall County,TX,32.8972,-96.4077,1411,78337
Runnels County,TX,31.839,-99.9766,210,10501
Rusk County,TX,32.1261,-94.7873,739,53330
Sabine County,TX,31.3731,-93.8461,75,10834
Sacramento County,CA,38.3836,-121.2729,18813,1418788
San Augustine County,TX,31.377,-94.1756,192,8865
San Benito County,CA,36.5945,-121.0306,1177,55269
San Bernardino County,CA,34.8464,-116.1156,49325,2035210
San Diego County,CA,33.0185,-116.6934,40342,3095313
San Francisco County,CA,37.7591,-122.4461,9839,805235
San Jacinto County,TX,30.6136,-95.1783,205,26384
San Joaquin County,CA,37.8911,-121.2517,18099,685306
San Luis Obispo County,CA,35.3474,-120.336,3074,269637
San Mateo County,CA,37.4084,-122.3109,8617,718451
San Patricio County,TX,27.9997,-97.5016,1351,64804
San Saba County,TX,31.2064,-98.8303,41,6131
Santa Barbara County,CA,34.7446,-120.0357,8361,423895
Santa Clara County,CA,37.1901,-121.7207,18423,1781642
Santa Cruz County,CA,37.0686,-122.0334,1931,262382
Santa Rosa County,FL,30.6713,-87.0296,4891,151372
Sarasota County,FL,27.1675,-82.2674,7378,379448
Saratoga County,NY,43.0872,-73.8458,877,219607
Schenectady County,NY,42.8329,-74.0442,1299,154727
Schleicher County,TX,30.9013,-100.539,51,3461
Schoharie County,NY,42.5925,-74.4362,72,32749
Schuyler County,NY,42.3922,-76.8958,27,18343
Scurry County,TX,32.7541,-100.9166,563,16921
Seminole County,FL,28.7457,-81.2396,8325,422718
Seneca County,NY,42.7838,-76.8577,102,35251
Shackelford County,TX,32.7367,-99.354,23,3378
Shasta County,CA,40.7366,-122.0189,581,177223
Shelby County,TX,31.7749,-94.127,445,25448
Sherman County,TX,36.2705,-101.8934,55,3034
Sierra County,CA,39.5877,-120.5103,6,3240
Siskiyou County,CA,41.5027,-122.5449,143,44900
Smith County,TX,32.4125,-95.2456,3407,209714
Solano County,CA,38.29,-121.9027,5671,413344
Somervell County,TX,32.2014,-97.7856,125,8490
Sonoma County,CA,38.4826,-122.8587,6421,483878
St. Johns County,FL,29.9382,-81.4423,4587,190039
St. Lawrence County,NY,44.5333,-75.1606,293,111944
St. Lucie County,FL,27.3823,-80.4869,7272,277789
Stanislaus County,CA,37.6113,-120.8765,15277,514453
Starr County,TX,26.5105,-98.7859,3147,60968
Stephens County,TX,32.7377,-98.836,126,9630
Sterling County,TX,31.8222,-101.0451,4,1143
Steuben County,NY,42.2995,-77.4184,319,98990
Stonewall County,TX,33.1802,-100.2535,9,1490
Suffolk County,NY,40.9086,-72.9176,45200,1493350
Sullivan County,NY,41.7194,-74.7908,1543,77547
Sumter County,FL,28.633,-82.1055,2021,93420
Sutter County,CA,39.0209,-121.7078,1465,94737
Sutton County,TX,30.4919,-100.5386,77,4128
Suwannee County,FL,30.163,-83.0132,2495,41551
Swisher County,TX,34.535,-101.7351,95,7854
Tarrant County,TX,32.7708,-97.2917,39973,1809034
Taylor County,TX,32.3045,-99.8901,1355,22570
Taylor County,FL,29.9856,-83.5757,1223,131506
Tehama County,CA,40.1258,-122.2124,430,63463
Terrell County,TX,30.2125,-102.1628,3,984
Terry County,TX,33.1754,-102.3353,209,12651
Throckmorton County,TX,33.1541,-99.2122,5,1641
Tioga County,NY,42.2046,-76.3107,211,51125
Titus County,TX,33.19,-94.9689,1385,32334
Tom Green County,TX,31.3893,-100.4023,2077,110224
Tompkins County,NY,42.4439,-76.4727,321,101564
Travis County,TX,30.3252,-97.7773,26854,1024266
Trinity County,TX,31.1046,-95.1246,182,13786
Trinity County,CA,40.6758,-123.1435,13,14585
Tulare County,CA,36.2683,-118.8232,14677,442179
Tuolumne County,CA,38.0348,-119.8851,187,55365
Tyler County,TX,30.7932,-94.3877,192,21766
Ulster County,NY,41.8791,-74.2028,2199,182493
Union County,FL,30.0316,-82.3844,654,15535
Upshur County,TX,32.7068,-94.9274,332,39309
Upton County,TX,31.369,-102.0443,22,3355
Uvalde County,TX,29.3551,-99.7622,719,26405
Val Verde County,TX,29.7645,-101.0491,1957,48879
Van Zandt County,TX,32.6033,-95.8351,528,52579
Ventura County,CA,34.4736,-119.084,10943,823318
Victoria County,TX,28.7954,-96.9415,3836,86793
Volusia County,FL,29.0205,-81.1398,9735,494593
Wakulla County,FL,30.1363,-84.3717,947,30776
Walker County,TX,30.795,-95.5934,3828,67861
Waller County,TX,29.9884,-95.9999,698,43205
Walton County,FL,30.6327,-86.1524,1723,55043
Ward County,TX,31.4598,-103.1287,112,10658
Warren County,NY,43.5152,-73.9062,325,65707
Washington County,TX,30.2215,-96.4299,579,24896
Washington County,NY,43.376,-73.4303,269,63216
Washington County,FL,30.6112,-85.672,1029,33718
Wayne County,NY,43.1793,-77.0416,288,93772
Webb County,TX,27.7332,-99.288,11828,250304
Westchester County,NY,41.1249,-73.7718,37205,949113
Wharton County,TX,29.299,-96.221,1225,41280
Wheeler County,TX,35.4067,-100.2697,42,5410
Wichita County,TX,33.9973,-98.6882,1392,131500
Wilbarger County,TX,34.1523,-99.2142,120,13535
Willacy County,TX,26.4556,-97.7389,1167,22134
Williamson County,TX,30.6541,-97.6352,8024,422679
Wilson County,TX,29.1652,-98.0851,545,42918
Winkler County,TX,31.8614,-103.0627,98,7110
Wise County,TX,33.2115,-97.6555,670,59127
Wood County,TX,32.7755,-95.3972,420,41964
Wyoming County,NY,42.6952,-78.2099,126,42155
Yates County,NY,42.6109,-77.1306,62,25348
Yoakum County,TX,33.1614,-102.828,173,7879
Yolo County,CA,38.6202,-121.8556,2524,200849
Young County,TX,33.1668,-98.6883,236,18550
Yuba County,CA,39.2797,-121.4381,994,72155
Zapata County,TX,26.9454,-99.1717,295,14018
Zavala County,TX,28.8648,-99.7623,266,11677
